{"cameraMode":{"drawMode":0,"name":"Shaded","section":"Shading Mode"},"sceneLighting":true,"audioPlay":false,"sceneViewState":{"showFog":true,"showMaterialUpdate":false,"showSkybox":true,"showFlares":true,"showImageEffects":true,"showParticleSystems":true},"in2DMode":false,"pivot":{"x":2331.306396484375,"y":-1358.619873046875,"z":-352.0731506347656},"rotation":{"x":-0.13856446743011475,"y":-0.7918503880500794,"z":0.19530105590820313,"w":-0.5618258118629456},"size":2487.37255859375,"orthographic":false}